{
    "credit": "momirealms",
    "textures": {
        "0": "customcrops:item/sprinklers/sprinkler_1",
        "1": "customcrops:item/crops/tomato/stage_1",
        "particle": "customcrops:item/sprinklers/sprinkler_1"
    },
    "elements": [
        {
            "from": [
                7,
                0,
                7
            ],
            "to": [
                9,
                16,
                9
            ],
            "faces": {
                "north": {
                    "uv": [
                        11,
                        0,
                        13,
                        16
                    ],
                    "texture": "#0"
                },
                "east": {
                    "uv": [
                        8,
                        0,
                        10,
                        16
                    ],
                    "texture": "#0"
                },
                "south": {
                    "uv": [
                        14,
                        0,
                        16,
                        16
                    ],
                    "texture": "#0"
                },
                "west": {
                    "uv": [
                        6,
                        0,
                        8,
                        16
                    ],
                    "texture": "#0"
                },
                "up": {
                    "uv": [
                        8,
                        1,
                        10,
                        3
                    ],
                    "texture": "#0"
                },
                "down": {
                    "uv": [
                        10,
                        9,
                        12,
                        11
                    ],
                    "texture": "#0"
                }
            }
        },
        {
            "from": [
                0,
                0,
                8
            ],
            "to": [
                16,
                16,
                8
            ],
            "faces": {
                "north": {
                    "uv": [
                        0,
                        0,
                        16,
                        16
                    ],
                    "texture": "#1"
                },
                "east": {
                    "uv": [
                        0,
                        0,
                        0,
                        16
                    ],
                    "texture": "#1"
                },
                "south": {
                    "uv": [
                        0,
                        0,
                        16,
                        16
                    ],
                    "texture": "#1"
                },
                "west": {
                    "uv": [
                        0,
                        0,
                        0,
                        16
                    ],
                    "texture": "#1"
                },
                "up": {
                    "uv": [
                        0,
                        0,
                        16,
                        0
                    ],
                    "texture": "#1"
                },
                "down": {
                    "uv": [
                        0,
                        0,
                        16,
                        0
                    ],
                    "texture": "#1"
                }
            }
        },
        {
            "from": [
                8,
                0,
                0
            ],
            "to": [
                8,
                16,
                16
            ],
            "faces": {
                "north": {
                    "uv": [
                        0,
                        0,
                        0,
                        16
                    ],
                    "texture": "#1"
                },
                "east": {
                    "uv": [
                        0,
                        0,
                        16,
                        16
                    ],
                    "texture": "#1"
                },
                "south": {
                    "uv": [
                        0,
                        0,
                        0,
                        16
                    ],
                    "texture": "#1"
                },
                "west": {
                    "uv": [
                        0,
                        0,
                        16,
                        16
                    ],
                    "texture": "#1"
                },
                "up": {
                    "uv": [
                        0,
                        0,
                        16,
                        0
                    ],
                    "rotation": 270,
                    "texture": "#1"
                },
                "down": {
                    "uv": [
                        0,
                        0,
                        16,
                        0
                    ],
                    "rotation": 90,
                    "texture": "#1"
                }
            }
        }
    ],
    "gui_light": "front",
    "display": {
        "fixed": {
            "rotation": [
                -90,
                0,
                0
            ],
            "translation": [
                0,
                0,
                -16
            ],
            "scale": [
                2,
                2,
                2
            ]
        }
    }
}